{
  "version": 1,
  "author": "Anonymous maker",
  "editor": "wokwi",
  "parts": [
    { "type": "wokwi-breadboard-half", "id": "bb1", "top": -233.4, "left": 50.8, "attrs": {} },
    { "type": "wokwi-arduino-uno", "id": "uno", "top": 0.6, "left": 76.2, "attrs": {} },
    { "type": "wokwi-dht22", "id": "dht1", "top": -153.3, "left": -53.4, "attrs": {} },
    { "type": "wokwi-lcd1602", "id": "lcd1", "top": -418.97, "left": 160, "attrs": {} },
    { "type": "wokwi-potentiometer", "id": "pot1", "top": -250.9, "left": -67.4, "attrs": {} }
  ],
  "connections": [
    [ "uno:GND.1", "bb1:bn.10", "black", [ "v0" ] ],
    [ "bb1:bn.9", "bb1:tn.9", "green", [ "v0" ] ],
    [ "uno:5V", "bb1:bp.1", "red", [ "v19.1", "h-169" ] ],
    [ "bb1:bp.2", "bb1:tp.2", "green", [ "v0" ] ],
    [ "lcd1:VSS", "bb1:tn.1", "green", [ "v9.6", "h-105.6" ] ],
    [ "lcd1:VDD", "bb1:tp.3", "green", [ "v19.2", "h-95.9" ] ],
    [ "lcd1:V0", "bb1:5t.a", "green", [ "v38.4", "h-96.3" ] ],
    [ "pot1:VCC", "bb1:tp.4", "red", [ "v-9.6", "h56.8", "v-28.8" ] ],
    [ "pot1:GND", "bb1:tn.3", "black", [ "v19.2", "h86.4", "v-48" ] ],
    [ "pot1:SIG", "bb1:5t.c", "green", [ "v19.2", "h18.8" ] ],
    [ "lcd1:K", "bb1:tn.25", "green", [ "v9.6", "h19.2" ] ],
    [ "lcd1:A", "bb1:tp.24", "green", [ "v19.2", "h19.1" ] ],
    [ "dht1:VCC", "bb1:bp.3", "red", [ "v19.2", "h144" ] ],
    [ "dht1:GND", "bb1:bn.2", "black", [ "v0" ] ],
    [ "lcd1:RS", "bb1:16t.a", "green", [ "v0" ] ],
    [ "lcd1:E", "bb1:18t.a", "green", [ "v0" ] ],
    [ "bb1:16t.e", "bb1:16b.f", "green", [ "v0" ] ],
    [ "bb1:18t.e", "bb1:18b.f", "green", [ "v0" ] ],
    [ "lcd1:D4", "bb1:23t.a", "green", [ "v0" ] ],
    [ "lcd1:D5", "bb1:24t.a", "green", [ "v0" ] ],
    [ "lcd1:D6", "bb1:25t.a", "green", [ "v0" ] ],
    [ "lcd1:D7", "bb1:26t.a", "green", [ "v0" ] ],
    [ "bb1:23t.e", "bb1:23b.f", "green", [ "v0" ] ],
    [ "bb1:24t.e", "bb1:24b.f", "green", [ "v0" ] ],
    [ "bb1:25t.e", "bb1:25b.f", "green", [ "v0" ] ],
    [ "bb1:26t.e", "bb1:26b.f", "green", [ "v0" ] ],
    [ "bb1:16b.j", "uno:12", "green", [ "v57.6", "h-9.6" ] ],
    [ "bb1:18b.j", "uno:11", "green", [ "v67.2", "h-19.2" ] ],
    [ "bb1:23b.j", "uno:7", "green", [ "v48", "h-28.8" ] ],
    [ "bb1:24b.j", "uno:6", "green", [ "v57.6", "h-28.8" ] ],
    [ "bb1:25b.j", "uno:5", "green", [ "v67.2", "h-19.2" ] ],
    [ "bb1:26b.j", "uno:4", "green", [ "v0" ] ],
    [ "dht1:SDA", "uno:10", "green", [ "v28.8", "h0.1" ] ]
  ],
  "dependencies": {}
}